[{"id":"628817649108@s.whatsapp.net","glimit":2},{"id":"6283878837772@s.whatsapp.net","glimit":0},{"id":"6289507607626@s.whatsapp.net","glimit":14},{"id":"6285157978866@s.whatsapp.net","glimit":7},{"id":"6288971729157@s.whatsapp.net","glimit":20},{"id":"6285242534516@s.whatsapp.net","glimit":0},{"id":"62895322285241@s.whatsapp.net","glimit":1},{"id":"62896992071100@s.whatsapp.net","glimit":1},{"id":"6285213857349@s.whatsapp.net","glimit":0},{"id":"6289684021038@s.whatsapp.net","glimit":1},{"id":"6285772160886@s.whatsapp.net","glimit":4},{"id":"6287885119615@s.whatsapp.net","glimit":0},{"id":"6281259701826@s.whatsapp.net","glimit":10},{"id":"6283119955849@s.whatsapp.net","glimit":3},{"id":"62859121599377@s.whatsapp.net","glimit":5},{"id":"6283192497138@s.whatsapp.net","glimit":0},{"id":"6283824846310@s.whatsapp.net","glimit":0},{"id":"6285849978753@s.whatsapp.net","glimit":0},{"id":"6285775699565@s.whatsapp.net","glimit":0},{"id":"6285776676239@s.whatsapp.net","glimit":0},{"id":"6285161452304@s.whatsapp.net","glimit":1},{"id":"6285728508365@s.whatsapp.net","glimit":13},{"id":"6282296963448@s.whatsapp.net","glimit":0},{"id":"6283121674985@s.whatsapp.net","glimit":1},{"id":"6289516529879@s.whatsapp.net","glimit":1},{"id":"6281326455017@s.whatsapp.net","glimit":2}]