[{"id":"6285161987474@s.whatsapp.net","xp":18347,"level":9999},{"id":"6282147832243@s.whatsapp.net","xp":10454,"level":30},{"id":"6281212019527@s.whatsapp.net","xp":7589,"level":25},{"id":"6281911890114@s.whatsapp.net","xp":6674,"level":24},{"id":"6285157978866@s.whatsapp.net","xp":5760,"level":22},{"id":"62896992071100@s.whatsapp.net","xp":5388,"level":21},{"id":"6288971729157@s.whatsapp.net","xp":5351,"level":21},{"id":"6289507607626@s.whatsapp.net","xp":4735,"level":20},{"id":"6283878837772@s.whatsapp.net","xp":4425,"level":19},{"id":"6285921489812@s.whatsapp.net","xp":4108,"level":18},{"id":"6283814550338@s.whatsapp.net","xp":2715,"level":14},{"id":"6285776126736@s.whatsapp.net","xp":2595,"level":14},{"id":"6283125187277@s.whatsapp.net","xp":2494,"level":14},{"id":"6285649350748@s.whatsapp.net","xp":2398,"level":13},{"id":"6282398430458@s.whatsapp.net","xp":2398,"level":13},{"id":"6281327441039@s.whatsapp.net","xp":2161,"level":13},{"id":"6285242534516@s.whatsapp.net","xp":2131,"level":12},{"id":"6285849978753@s.whatsapp.net","xp":2112,"level":12},{"id":"6289660042502@s.whatsapp.net","xp":1924,"level":12},{"id":"6283824846310@s.whatsapp.net","xp":1920,"level":12},{"id":"6283834396214@s.whatsapp.net","xp":1809,"level":11},{"id":"62895385875367@s.whatsapp.net","xp":1786,"level":11},{"id":"6281232646925@s.whatsapp.net","xp":1717,"level":11},{"id":"628971580351@s.whatsapp.net","xp":1661,"level":11},{"id":"6287823667086@s.whatsapp.net","xp":1613,"level":11},{"id":"62895340965796@s.whatsapp.net","xp":1568,"level":10},{"id":"6285785545891@s.whatsapp.net","xp":1544,"level":10},{"id":"6285693492107@s.whatsapp.net","xp":1540,"level":10},{"id":"6283125034688@s.whatsapp.net","xp":1449,"level":10},{"id":"6285772160886@s.whatsapp.net","xp":1425,"level":10},{"id":"6288223748677@s.whatsapp.net","xp":1378,"level":10},{"id":"62881025829102@s.whatsapp.net","xp":1323,"level":9},{"id":"6288211610021@s.whatsapp.net","xp":1289,"level":9},{"id":"6281218442311@s.whatsapp.net","xp":1361,"level":10},{"id":"6282216376626@s.whatsapp.net","xp":1065,"level":8},{"id":"6289612115639@s.whatsapp.net","xp":1009,"level":8},{"id":"62895394597766@s.whatsapp.net","xp":1073,"level":8},{"id":"6285641063079@s.whatsapp.net","xp":1018,"level":8},{"id":"6285242792731@s.whatsapp.net","xp":786,"level":7},{"id":"6282237788235@s.whatsapp.net","xp":766,"level":7},{"id":"6283819654409@s.whatsapp.net","xp":7590,"level":25},{"id":"6282112680122@s.whatsapp.net","xp":721,"level":6},{"id":"6281294888918@s.whatsapp.net","xp":704,"level":6},{"id":"6288221437615@s.whatsapp.net","xp":619,"level":6},{"id":"6288293115673@s.whatsapp.net","xp":628,"level":6},{"id":"6287885119615@s.whatsapp.net","xp":595,"level":5},{"id":"6285748059235@s.whatsapp.net","xp":592,"level":5},{"id":"6289502464494@s.whatsapp.net","xp":602,"level":6},{"id":"6283137744849@s.whatsapp.net","xp":583,"level":5},{"id":"6289684021038@s.whatsapp.net","xp":567,"level":5},{"id":"6283105070294@s.whatsapp.net","xp":555,"level":5},{"id":"6283179907796@s.whatsapp.net","xp":541,"level":5},{"id":"6285710294830@s.whatsapp.net","xp":533,"level":5},{"id":"6285337578736@s.whatsapp.net","xp":499,"level":5},{"id":"6282140859324@s.whatsapp.net","xp":483,"level":5},{"id":"6285707692311@s.whatsapp.net","xp":477,"level":5},{"id":"6285723403562@s.whatsapp.net","xp":466,"level":5},{"id":"6281253665165@s.whatsapp.net","xp":458,"level":4},{"id":"6283160878666@s.whatsapp.net","xp":449,"level":4},{"id":"6288975430913@s.whatsapp.net","xp":445,"level":4},{"id":"628883136399@s.whatsapp.net","xp":435,"level":4},{"id":"6283805407113@s.whatsapp.net","xp":423,"level":4},{"id":"6287725002274@s.whatsapp.net","xp":411,"level":4},{"id":"6285158572668@s.whatsapp.net","xp":409,"level":4},{"id":"62882001135957@s.whatsapp.net","xp":409,"level":4},{"id":"6285767205869@s.whatsapp.net","xp":404,"level":4},{"id":"6288225172686@s.whatsapp.net","xp":640,"level":6},{"id":"6289521008946@s.whatsapp.net","xp":408,"level":4},{"id":"6283106945790@s.whatsapp.net","xp":371,"level":4},{"id":"62882127123610@s.whatsapp.net","xp":370,"level":4},{"id":"6289681478090@s.whatsapp.net","xp":477,"level":5},{"id":"6283149339472@s.whatsapp.net","xp":359,"level":4},{"id":"6285163502291@s.whatsapp.net","xp":349,"level":4},{"id":"6288801950447@s.whatsapp.net","xp":337,"level":3},{"id":"6289530150025@s.whatsapp.net","xp":329,"level":3},{"id":"6281241163688@s.whatsapp.net","xp":304,"level":3},{"id":"6285725397493@s.whatsapp.net","xp":367,"level":4},{"id":"6283136700910@s.whatsapp.net","xp":327,"level":3},{"id":"62831769631850@s.whatsapp.net","xp":280,"level":3},{"id":"6282135465225@s.whatsapp.net","xp":280,"level":3},{"id":"6283832650680@s.whatsapp.net","xp":288,"level":3},{"id":"6287708773367@s.whatsapp.net","xp":275,"level":3},{"id":"6283825582819@s.whatsapp.net","xp":271,"level":3},{"id":"6285757205194@s.whatsapp.net","xp":268,"level":3},{"id":"6285788886850@s.whatsapp.net","xp":265,"level":3},{"id":"6285213857349@s.whatsapp.net","xp":264,"level":3},{"id":"6287700097388@s.whatsapp.net","xp":315,"level":3},{"id":"6283141525783@s.whatsapp.net","xp":245,"level":3},{"id":"6289502564175@s.whatsapp.net","xp":228,"level":2},{"id":"6282198645271@s.whatsapp.net","xp":224,"level":2},{"id":"6283123727298@s.whatsapp.net","xp":203,"level":2},{"id":"6281246840721@s.whatsapp.net","xp":203,"level":2},{"id":"6283109224665@s.whatsapp.net","xp":199,"level":2},{"id":"6285161452304@s.whatsapp.net","xp":228,"level":2},{"id":"6285859823458@s.whatsapp.net","xp":197,"level":2},{"id":"6285931996908@s.whatsapp.net","xp":196,"level":2},{"id":"6283823288708@s.whatsapp.net","xp":200,"level":2},{"id":"6282128863722@s.whatsapp.net","xp":186,"level":2},{"id":"6282123261489@s.whatsapp.net","xp":186,"level":2},{"id":"62858708834389@s.whatsapp.net","xp":183,"level":2},{"id":"6285718205563@s.whatsapp.net","xp":182,"level":2},{"id":"6287843245395@s.whatsapp.net","xp":177,"level":2},{"id":"6288233133245@s.whatsapp.net","xp":175,"level":2},{"id":"6285769302532@s.whatsapp.net","xp":170,"level":2},{"id":"6283842709322@s.whatsapp.net","xp":167,"level":2},{"id":"6289690260348@s.whatsapp.net","xp":165,"level":2},{"id":"12563049232@s.whatsapp.net","xp":178,"level":2},{"id":"6281223824338@s.whatsapp.net","xp":160,"level":2},{"id":"6283192607181@s.whatsapp.net","xp":184,"level":2},{"id":"6282278252544@s.whatsapp.net","xp":155,"level":1},{"id":"6281235526672@s.whatsapp.net","xp":152,"level":1},{"id":"6281377636317@s.whatsapp.net","xp":151,"level":1},{"id":"6283806176442@s.whatsapp.net","xp":150,"level":1},{"id":"6285760158914@s.whatsapp.net","xp":147,"level":1},{"id":"923473717519@s.whatsapp.net","xp":145,"level":1},{"id":"6285602437506@s.whatsapp.net","xp":144,"level":1},{"id":"6285796948370@s.whatsapp.net","xp":139,"level":1},{"id":"6285717398416@s.whatsapp.net","xp":139,"level":1},{"id":"6282217244547@s.whatsapp.net","xp":137,"level":1},{"id":"6281230995521@s.whatsapp.net","xp":129,"level":1},{"id":"6285657338788@s.whatsapp.net","xp":129,"level":1},{"id":"628979274997@s.whatsapp.net","xp":129,"level":1},{"id":"6282271278718@s.whatsapp.net","xp":128,"level":1},{"id":"6289520028973@s.whatsapp.net","xp":128,"level":1},{"id":"6285735153103@s.whatsapp.net","xp":128,"level":1},{"id":"6281225298312@s.whatsapp.net","xp":127,"level":1},{"id":"967774999843@s.whatsapp.net","xp":125,"level":1},{"id":"6289608448767@s.whatsapp.net","xp":121,"level":1},{"id":"6283870479942@s.whatsapp.net","xp":119,"level":1},{"id":"6285781663341@s.whatsapp.net","xp":117,"level":1},{"id":"6285892137617@s.whatsapp.net","xp":112,"level":1},{"id":"6281295395481@s.whatsapp.net","xp":111,"level":1},{"id":"6285709419358@s.whatsapp.net","xp":109,"level":1},{"id":"6285695395659@s.whatsapp.net","xp":109,"level":1},{"id":"6283892987558@s.whatsapp.net","xp":106,"level":1},{"id":"6288213923736@s.whatsapp.net","xp":105,"level":1},{"id":"6288298536968@s.whatsapp.net","xp":104,"level":1},{"id":"6285904474769@s.whatsapp.net","xp":103,"level":1},{"id":"6281215663356@s.whatsapp.net","xp":100,"level":1},{"id":"6281545595836@s.whatsapp.net","xp":175,"level":2},{"id":"6283176963185@s.whatsapp.net","xp":98,"level":1},{"id":"6283843471018@s.whatsapp.net","xp":96,"level":1},{"id":"6283147409387@s.whatsapp.net","xp":93,"level":1},{"id":"6281241141690@s.whatsapp.net","xp":91,"level":1},{"id":"6287833395054@s.whatsapp.net","xp":90,"level":1},{"id":"6282135007511@s.whatsapp.net","xp":89,"level":1},{"id":"6289513948837@s.whatsapp.net","xp":89,"level":1},{"id":"6285892470968@s.whatsapp.net","xp":88,"level":1},{"id":"6289646363075@s.whatsapp.net","xp":87,"level":1},{"id":"62895330146362@s.whatsapp.net","xp":87,"level":1},{"id":"6281334968556@s.whatsapp.net","xp":87,"level":1},{"id":"6285776038219@s.whatsapp.net","xp":87,"level":1},{"id":"6285724457922@s.whatsapp.net","xp":86,"level":1},{"id":"6288289770622@s.whatsapp.net","xp":86,"level":1},{"id":"201125878665@s.whatsapp.net","xp":83,"level":1},{"id":"6288276496797@s.whatsapp.net","xp":81,"level":1},{"id":"6283842738643@s.whatsapp.net","xp":80,"level":1},{"id":"6281310157380@s.whatsapp.net","xp":79,"level":1},{"id":"6287896681251@s.whatsapp.net","xp":79,"level":1},{"id":"6281226458835@s.whatsapp.net","xp":78,"level":1},{"id":"6285727384133@s.whatsapp.net","xp":78,"level":1},{"id":"6287849822323@s.whatsapp.net","xp":78,"level":1},{"id":"6282393038261@s.whatsapp.net","xp":76,"level":1},{"id":"6281312244272@s.whatsapp.net","xp":76,"level":1},{"id":"6285758552592@s.whatsapp.net","xp":75,"level":1},{"id":"6281215601137@s.whatsapp.net","xp":75,"level":1},{"id":"6285238503665@s.whatsapp.net","xp":74,"level":1},{"id":"6281390307352@s.whatsapp.net","xp":72,"level":1},{"id":"6281910195294@s.whatsapp.net","xp":72,"level":1},{"id":"6289630093616@s.whatsapp.net","xp":71,"level":1},{"id":"6285775699565@s.whatsapp.net","xp":81,"level":1},{"id":"6283136668629@s.whatsapp.net","xp":70,"level":1},{"id":"6283871714377@s.whatsapp.net","xp":69,"level":1},{"id":"6281288288865@s.whatsapp.net","xp":68,"level":1},{"id":"628117291819@s.whatsapp.net","xp":68,"level":1},{"id":"6281258996759@s.whatsapp.net","xp":67,"level":1},{"id":"6287759837873@s.whatsapp.net","xp":67,"level":1},{"id":"6281220776447@s.whatsapp.net","xp":67,"level":1},{"id":"6285719898124@s.whatsapp.net","xp":66,"level":1},{"id":"6285893093052@s.whatsapp.net","xp":189,"level":2},{"id":"6287791036028@s.whatsapp.net","xp":64,"level":1},{"id":"6287808180613@s.whatsapp.net","xp":63,"level":1},{"id":"6282123415628@s.whatsapp.net","xp":63,"level":1},{"id":"62857916772041@s.whatsapp.net","xp":61,"level":1},{"id":"18063708540@s.whatsapp.net","xp":61,"level":1},{"id":"916376710295@s.whatsapp.net","xp":60,"level":1},{"id":"6281573896799@s.whatsapp.net","xp":59,"level":1},{"id":"6283114140471@s.whatsapp.net","xp":59,"level":1},{"id":"6289657763209@s.whatsapp.net","xp":57,"level":1},{"id":"6288232356839@s.whatsapp.net","xp":56,"level":1},{"id":"6282337097847@s.whatsapp.net","xp":56,"level":1},{"id":"6285693840226@s.whatsapp.net","xp":56,"level":1},{"id":"6288744324281@s.whatsapp.net","xp":160,"level":2},{"id":"6281330694200@s.whatsapp.net","xp":54,"level":1},{"id":"628112798755@s.whatsapp.net","xp":54,"level":1},{"id":"62895331283073@s.whatsapp.net","xp":53,"level":1},{"id":"6285710232394@s.whatsapp.net","xp":53,"level":1},{"id":"6287780337203@s.whatsapp.net","xp":51,"level":1},{"id":"6281214151541@s.whatsapp.net","xp":48,"level":1},{"id":"6285784834495@s.whatsapp.net","xp":48,"level":1},{"id":"6281368296255@s.whatsapp.net","xp":47,"level":1},{"id":"6285889665421@s.whatsapp.net","xp":46,"level":1},{"id":"6281548168923@s.whatsapp.net","xp":109,"level":1},{"id":"6285929010411@s.whatsapp.net","xp":45,"level":1},{"id":"6285716558396@s.whatsapp.net","xp":45,"level":1},{"id":"6285704258644@s.whatsapp.net","xp":45,"level":1},{"id":"5214492534651@s.whatsapp.net","xp":45,"level":1},{"id":"6285724051254@s.whatsapp.net","xp":45,"level":1},{"id":"6281330564209@s.whatsapp.net","xp":56,"level":1},{"id":"6283111604632@s.whatsapp.net","xp":44,"level":1},{"id":"6281274641544@s.whatsapp.net","xp":44,"level":1},{"id":"6283173265916@s.whatsapp.net","xp":43,"level":1},{"id":"6282334342679@s.whatsapp.net","xp":43,"level":1},{"id":"6281223053964@s.whatsapp.net","xp":42,"level":1},{"id":"6285714173008@s.whatsapp.net","xp":42,"level":1},{"id":"6289661205397@s.whatsapp.net","xp":41,"level":1},{"id":"6285788876164@s.whatsapp.net","xp":40,"level":1},{"id":"6281310745421@s.whatsapp.net","xp":40,"level":1},{"id":"6285878632196@s.whatsapp.net","xp":40,"level":1},{"id":"6282192656453@s.whatsapp.net","xp":38,"level":1},{"id":"6285713485836@s.whatsapp.net","xp":37,"level":1},{"id":"6281703761622@s.whatsapp.net","xp":36,"level":1},{"id":"593982812661@s.whatsapp.net","xp":36,"level":1},{"id":"62895384221227@s.whatsapp.net","xp":35,"level":1},{"id":"6285876707093@s.whatsapp.net","xp":35,"level":1},{"id":"6281251287813@s.whatsapp.net","xp":35,"level":1},{"id":"6285272287751@s.whatsapp.net","xp":34,"level":1},{"id":"6285315744795@s.whatsapp.net","xp":34,"level":1},{"id":"6281321190580@s.whatsapp.net","xp":34,"level":1},{"id":"6282136607140@s.whatsapp.net","xp":34,"level":1},{"id":"6282118127044@s.whatsapp.net","xp":34,"level":1},{"id":"6289637999372@s.whatsapp.net","xp":45,"level":1},{"id":"6283115860308@s.whatsapp.net","xp":33,"level":1},{"id":"62895618109191@s.whatsapp.net","xp":33,"level":1},{"id":"62895616009891@s.whatsapp.net","xp":33,"level":1},{"id":"6282334985048@s.whatsapp.net","xp":33,"level":1},{"id":"6281617762947@s.whatsapp.net","xp":33,"level":1},{"id":"6283167679083@s.whatsapp.net","xp":33,"level":1},{"id":"6282322638602@s.whatsapp.net","xp":32,"level":1},{"id":"6289515174848@s.whatsapp.net","xp":32,"level":1},{"id":"94750188619@s.whatsapp.net","xp":32,"level":1},{"id":"62882007161586@s.whatsapp.net","xp":32,"level":1},{"id":"6288217113762@s.whatsapp.net","xp":31,"level":1},{"id":"6287811864193@s.whatsapp.net","xp":31,"level":1},{"id":"6285161313235@s.whatsapp.net","xp":31,"level":1},{"id":"6281233325603@s.whatsapp.net","xp":31,"level":1},{"id":"6289616321789@s.whatsapp.net","xp":30,"level":1},{"id":"6285693603905@s.whatsapp.net","xp":30,"level":1},{"id":"6281328732146@s.whatsapp.net","xp":30,"level":1},{"id":"6285234051260@s.whatsapp.net","xp":29,"level":1},{"id":"6283119436816@s.whatsapp.net","xp":29,"level":1},{"id":"6285962882744@s.whatsapp.net","xp":29,"level":1},{"id":"62882009432914@s.whatsapp.net","xp":29,"level":1},{"id":"6283894630171@s.whatsapp.net","xp":29,"level":1},{"id":"6282316761330@s.whatsapp.net","xp":29,"level":1},{"id":"6287857613839@s.whatsapp.net","xp":29,"level":1},{"id":"6289605500633@s.whatsapp.net","xp":28,"level":1},{"id":"6282236656311@s.whatsapp.net","xp":28,"level":1},{"id":"628980330708@s.whatsapp.net","xp":28,"level":1},{"id":"6283191364966@s.whatsapp.net","xp":26,"level":1},{"id":"6281909484103@s.whatsapp.net","xp":26,"level":1},{"id":"6285264399420@s.whatsapp.net","xp":26,"level":1},{"id":"6281390289707@s.whatsapp.net","xp":25,"level":1},{"id":"6283896493239@s.whatsapp.net","xp":24,"level":1},{"id":"6281224602468@s.whatsapp.net","xp":24,"level":1},{"id":"6289681233811@s.whatsapp.net","xp":24,"level":1},{"id":"6282272013955@s.whatsapp.net","xp":23,"level":1},{"id":"62857480375931@s.whatsapp.net","xp":23,"level":1},{"id":"6283109484720@s.whatsapp.net","xp":22,"level":1},{"id":"6283891602134@s.whatsapp.net","xp":19,"level":1},{"id":"6285738541647@s.whatsapp.net","xp":19,"level":1},{"id":"6281282664033@s.whatsapp.net","xp":19,"level":1},{"id":"6285850848264@s.whatsapp.net","xp":19,"level":1},{"id":"6287723714088@s.whatsapp.net","xp":19,"level":1},{"id":"6281511048461@s.whatsapp.net","xp":19,"level":1},{"id":"6285156160353@s.whatsapp.net","xp":19,"level":1},{"id":"6289514571740@s.whatsapp.net","xp":19,"level":1},{"id":"62895385876968@s.whatsapp.net","xp":19,"level":1},{"id":"6282134374562@s.whatsapp.net","xp":18,"level":1},{"id":"628979340727@s.whatsapp.net","xp":18,"level":1},{"id":"17123404560@s.whatsapp.net","xp":18,"level":1},{"id":"6283162425836@s.whatsapp.net","xp":18,"level":1},{"id":"62858563822454@s.whatsapp.net","xp":18,"level":1},{"id":"6283822358882@s.whatsapp.net","xp":18,"level":1},{"id":"6283153600281@s.whatsapp.net","xp":17,"level":1},{"id":"6282328588035@s.whatsapp.net","xp":17,"level":1},{"id":"6281252789303@s.whatsapp.net","xp":17,"level":1},{"id":"6281216511686@s.whatsapp.net","xp":17,"level":1},{"id":"6281230460281@s.whatsapp.net","xp":17,"level":1},{"id":"601172983027@s.whatsapp.net","xp":17,"level":1},{"id":"6285362888790@s.whatsapp.net","xp":17,"level":1},{"id":"6285607787830@s.whatsapp.net","xp":34,"level":1},{"id":"6289530694622@s.whatsapp.net","xp":17,"level":1},{"id":"6289699545488@s.whatsapp.net","xp":16,"level":1},{"id":"6281325855144@s.whatsapp.net","xp":50,"level":1},{"id":"6282218242702@s.whatsapp.net","xp":16,"level":1},{"id":"6281313850195@s.whatsapp.net","xp":16,"level":1},{"id":"6282114466868@s.whatsapp.net","xp":16,"level":1},{"id":"62895416187586@s.whatsapp.net","xp":16,"level":1},{"id":"21628806210@s.whatsapp.net","xp":16,"level":1},{"id":"6285885240614@s.whatsapp.net","xp":16,"level":1},{"id":"6283116500296@s.whatsapp.net","xp":16,"level":1},{"id":"6285943424373@s.whatsapp.net","xp":16,"level":1},{"id":"6282140960425@s.whatsapp.net","xp":16,"level":1},{"id":"6289518550687@s.whatsapp.net","xp":15,"level":1},{"id":"6283192447160@s.whatsapp.net","xp":15,"level":1},{"id":"6281807906328@s.whatsapp.net","xp":15,"level":1},{"id":"6281273621465@s.whatsapp.net","xp":15,"level":1},{"id":"6285700123669@s.whatsapp.net","xp":15,"level":1},{"id":"6282235560091@s.whatsapp.net","xp":15,"level":1},{"id":"6287824247623@s.whatsapp.net","xp":14,"level":1},{"id":"6282285077382@s.whatsapp.net","xp":14,"level":1},{"id":"6281261497278@s.whatsapp.net","xp":14,"level":1},{"id":"6285384866151@s.whatsapp.net","xp":14,"level":1},{"id":"6289505738874@s.whatsapp.net","xp":14,"level":1},{"id":"6285648589134@s.whatsapp.net","xp":14,"level":1},{"id":"6285722572536@s.whatsapp.net","xp":14,"level":1},{"id":"6285723758142@s.whatsapp.net","xp":14,"level":1},{"id":"6283847871545@s.whatsapp.net","xp":14,"level":1},{"id":"6282118942848@s.whatsapp.net","xp":13,"level":1},{"id":"6287861741244@s.whatsapp.net","xp":13,"level":1},{"id":"6282230819722@s.whatsapp.net","xp":13,"level":1},{"id":"6289525852160@s.whatsapp.net","xp":13,"level":1},{"id":"6285659609228@s.whatsapp.net","xp":13,"level":1},{"id":"6283815624261@s.whatsapp.net","xp":12,"level":1},{"id":"6285696125973@s.whatsapp.net","xp":12,"level":1},{"id":"6283802806485@s.whatsapp.net","xp":12,"level":1},{"id":"6282159293312@s.whatsapp.net","xp":12,"level":1},{"id":"6281554752875@s.whatsapp.net","xp":12,"level":1},{"id":"62895704325030@s.whatsapp.net","xp":12,"level":1},{"id":"628988531305@s.whatsapp.net","xp":12,"level":1},{"id":"994406196427@s.whatsapp.net","xp":12,"level":1},{"id":"6285668071352@s.whatsapp.net","xp":12,"level":1},{"id":"6288210782292@s.whatsapp.net","xp":12,"level":1},{"id":"6283872681618@s.whatsapp.net","xp":12,"level":1},{"id":"6287744196906@s.whatsapp.net","xp":12,"level":1},{"id":"56948864842@s.whatsapp.net","xp":12,"level":1},{"id":"17166696342@s.whatsapp.net","xp":11,"level":1},{"id":"6285693058265@s.whatsapp.net","xp":11,"level":1},{"id":"6282128158900@s.whatsapp.net","xp":11,"level":1},{"id":"62895338820193@s.whatsapp.net","xp":11,"level":1},{"id":"60167254213@s.whatsapp.net","xp":11,"level":1},{"id":"6283176474191@s.whatsapp.net","xp":0,"level":1},{"id":"6289510813228@s.whatsapp.net","xp":0,"level":1},{"id":"6282228421782@s.whatsapp.net","xp":0,"level":1},{"id":"6285727640548@s.whatsapp.net","xp":0,"level":1},{"id":"6289515464773@s.whatsapp.net","xp":0,"level":1},{"id":"6281228157207@s.whatsapp.net","xp":0,"level":1},{"id":"628159540503@s.whatsapp.net","xp":0,"level":1},{"id":"6282183670281@s.whatsapp.net","xp":0,"level":1},{"id":"6283846764539@s.whatsapp.net","xp":0,"level":1},{"id":"628989162638@s.whatsapp.net","xp":0,"level":1},{"id":"6281907415376@s.whatsapp.net","xp":0,"level":1},{"id":"6285692315305@s.whatsapp.net","xp":0,"level":1},{"id":"6283877831118@s.whatsapp.net","xp":0,"level":1},{"id":"6281262653567@s.whatsapp.net","xp":0,"level":1},{"id":"6283121674985@s.whatsapp.net","xp":0,"level":1},{"id":"6281918576018@s.whatsapp.net","xp":0,"level":1},{"id":"6285861656620@s.whatsapp.net","xp":0,"level":1},{"id":"6287703666530@s.whatsapp.net","xp":0,"level":1},{"id":"6281927291007@s.whatsapp.net","xp":0,"level":1},{"id":"6289501136170@s.whatsapp.net","xp":0,"level":1},{"id":"6285240612981@s.whatsapp.net","xp":0,"level":1},{"id":"6289517790825@s.whatsapp.net","xp":0,"level":1},{"id":"6283897010189@s.whatsapp.net","xp":0,"level":1},{"id":"62881027151003@s.whatsapp.net","xp":0,"level":1},{"id":"6287764728799@s.whatsapp.net","xp":0,"level":1},{"id":"6289637102824@s.whatsapp.net","xp":0,"level":1},{"id":"62881025183924@s.whatsapp.net","xp":0,"level":1},{"id":"6285234817848@s.whatsapp.net","xp":0,"level":1},{"id":"6288212081120@s.whatsapp.net","xp":0,"level":1},{"id":"6285781057642@s.whatsapp.net","xp":0,"level":1},{"id":"6285776676239@s.whatsapp.net","xp":0,"level":1},{"id":"6285810183499@s.whatsapp.net","xp":0,"level":1},{"id":"6281914470930@s.whatsapp.net","xp":0,"level":1},{"id":"6283821547258@s.whatsapp.net","xp":0,"level":1},{"id":"6289627363614@s.whatsapp.net","xp":0,"level":1},{"id":"6285755091349@s.whatsapp.net","xp":0,"level":1},{"id":"6281382687623@s.whatsapp.net","xp":0,"level":1},{"id":"6283178080979@s.whatsapp.net","xp":0,"level":1},{"id":"60164162105@s.whatsapp.net","xp":0,"level":1},{"id":"62895418200111@s.whatsapp.net","xp":0,"level":1},{"id":"6281250433552@s.whatsapp.net","xp":0,"level":1},{"id":"6283159572075@s.whatsapp.net","xp":0,"level":1},{"id":"6285707309483@s.whatsapp.net","xp":0,"level":1},{"id":"994404672844@s.whatsapp.net","xp":0,"level":1},{"id":"918790629050@s.whatsapp.net","xp":0,"level":1},{"id":"18722717664@s.whatsapp.net","xp":0,"level":1},{"id":"6281239789606@s.whatsapp.net","xp":0,"level":1},{"id":"6281914634797@s.whatsapp.net","xp":0,"level":1},{"id":"14805264858@s.whatsapp.net","xp":0,"level":1},{"id":"6281378695708@s.whatsapp.net","xp":0,"level":1},{"id":"6289603038278@s.whatsapp.net","xp":0,"level":1},{"id":"6288220244932@s.whatsapp.net","xp":0,"level":1},{"id":"6285700829762@s.whatsapp.net","xp":0,"level":1},{"id":"6285600059846@s.whatsapp.net","xp":0,"level":1},{"id":"6281236316563@s.whatsapp.net","xp":0,"level":1},{"id":"6285843914386@s.whatsapp.net","xp":0,"level":1},{"id":"6281272906039@s.whatsapp.net","xp":0,"level":1},{"id":"6282183368223@s.whatsapp.net","xp":0,"level":1},{"id":"6285692278342@s.whatsapp.net","xp":0,"level":1},{"id":"6285645222341@s.whatsapp.net","xp":0,"level":1},{"id":"6281252890870@s.whatsapp.net","xp":0,"level":1},{"id":"6283191900345@s.whatsapp.net","xp":0,"level":1},{"id":"6285975217567@s.whatsapp.net","xp":0,"level":1},{"id":"12283358795@s.whatsapp.net","xp":0,"level":1},{"id":"6287897530502@s.whatsapp.net","xp":0,"level":1},{"id":"6281927298374@s.whatsapp.net","xp":0,"level":1},{"id":"622139706060@s.whatsapp.net","xp":0,"level":1},{"id":"6281914634182@s.whatsapp.net","xp":0,"level":1},{"id":"6283149595447@s.whatsapp.net","xp":0,"level":1},{"id":"6281197911081@s.whatsapp.net","xp":0,"level":1},{"id":"19285827029@s.whatsapp.net","xp":0,"level":1},{"id":"628984760500@s.whatsapp.net","xp":0,"level":1},{"id":"6289638964482@s.whatsapp.net","xp":0,"level":1},{"id":"628977074297@s.whatsapp.net","xp":0,"level":1},{"id":"6289626156638@s.whatsapp.net","xp":0,"level":1},{"id":"6283871990243@s.whatsapp.net","xp":0,"level":1},{"id":"6288212950591@s.whatsapp.net","xp":0,"level":1},{"id":"62881023035719@s.whatsapp.net","xp":0,"level":1},{"id":"6281293659117@s.whatsapp.net","xp":0,"level":1},{"id":"6285838272010@s.whatsapp.net","xp":0,"level":1},{"id":"6283125501086@s.whatsapp.net","xp":0,"level":1},{"id":"6281268372359@s.whatsapp.net","xp":0,"level":1},{"id":"6283153479798@s.whatsapp.net","xp":0,"level":1},{"id":"","xp":0,"level":1},{"id":"16202708527@s.whatsapp.net","xp":0,"level":1},{"id":"6289501559443@s.whatsapp.net","xp":0,"level":1},{"id":"6288242467922@s.whatsapp.net","xp":0,"level":1},{"id":"62812641943548@s.whatsapp.net","xp":0,"level":1},{"id":"6281357489611@s.whatsapp.net","xp":0,"level":1},{"id":"6285694595251@s.whatsapp.net","xp":0,"level":1},{"id":"6285822515051@s.whatsapp.net","xp":0,"level":1},{"id":"6289673291445@s.whatsapp.net","xp":0,"level":1},{"id":"6283125059062@s.whatsapp.net","xp":0,"level":1},{"id":"6281313925775@s.whatsapp.net","xp":0,"level":1},{"id":"6285878211643@s.whatsapp.net","xp":0,"level":1},{"id":"6282268335890@s.whatsapp.net","xp":0,"level":1},{"id":"6287783185843@s.whatsapp.net","xp":0,"level":1},{"id":"6288229601824@s.whatsapp.net","xp":0,"level":1},{"id":"6281210566946@s.whatsapp.net","xp":0,"level":1},{"id":"62823241387900@s.whatsapp.net","xp":0,"level":1},{"id":"6281268520927@s.whatsapp.net","xp":0,"level":1},{"id":"6285867937545@s.whatsapp.net","xp":0,"level":1},{"id":"6285795410750@s.whatsapp.net","xp":0,"level":1},{"id":"6282226169289@s.whatsapp.net","xp":0,"level":1},{"id":"6285852565460@s.whatsapp.net","xp":0,"level":1},{"id":"6283146208804@s.whatsapp.net","xp":0,"level":1},{"id":"6281328507885@s.whatsapp.net","xp":0,"level":1},{"id":"6288210858927@s.whatsapp.net","xp":0,"level":1},{"id":"6285240646336@s.whatsapp.net","xp":0,"level":1},{"id":"6288224465258@s.whatsapp.net","xp":0,"level":1},{"id":"6285216556369@s.whatsapp.net","xp":0,"level":1},{"id":"16147065184@s.whatsapp.net","xp":0,"level":1},{"id":"6285361663883@s.whatsapp.net","xp":0,"level":1},{"id":"6282179910750@s.whatsapp.net","xp":0,"level":1},{"id":"6285727136405@s.whatsapp.net","xp":0,"level":1},{"id":"62815852682952@s.whatsapp.net","xp":0,"level":1},{"id":"6282125527082@s.whatsapp.net","xp":0,"level":1},{"id":"6282290642167@s.whatsapp.net","xp":0,"level":1},{"id":"6285753778500@s.whatsapp.net","xp":0,"level":1},{"id":"6282260056634@s.whatsapp.net","xp":0,"level":1},{"id":"628817649108@s.whatsapp.net","xp":0,"level":1},{"id":"6282112576881@s.whatsapp.net","xp":0,"level":1},{"id":"6281213914024@s.whatsapp.net","xp":0,"level":1},{"id":"62881025364722@s.whatsapp.net","xp":0,"level":1},{"id":"601121867107@s.whatsapp.net","xp":0,"level":1},{"id":"6282255964654@s.whatsapp.net","xp":0,"level":1},{"id":"6285923180605@s.whatsapp.net","xp":0,"level":1},{"id":"6285336084540@s.whatsapp.net","xp":0,"level":1},{"id":"6285211527147@s.whatsapp.net","xp":0,"level":1},{"id":"6287781974176@s.whatsapp.net","xp":0,"level":1},{"id":"6285888315604@s.whatsapp.net","xp":0,"level":1},{"id":"6283825779575@s.whatsapp.net","xp":0,"level":1},{"id":"6287778644384@s.whatsapp.net","xp":0,"level":1},{"id":"6283821737449@s.whatsapp.net","xp":0,"level":1},{"id":"6283106733687@s.whatsapp.net","xp":0,"level":1},{"id":"62895339689527@s.whatsapp.net","xp":0,"level":1},{"id":"6285727674043@s.whatsapp.net","xp":0,"level":1},{"id":"62881037767467@s.whatsapp.net","xp":0,"level":1},{"id":"19282977785@s.whatsapp.net","xp":0,"level":1},{"id":"14105594758@s.whatsapp.net","xp":0,"level":1},{"id":"6289667923162@s.whatsapp.net","xp":0,"level":1},{"id":"6285763628272@s.whatsapp.net","xp":0,"level":1},{"id":"6288225991224@s.whatsapp.net","xp":0,"level":1},{"id":"6282215425116@s.whatsapp.net","xp":0,"level":1},{"id":"62858671362489@s.whatsapp.net","xp":0,"level":1},{"id":"6283878560802@s.whatsapp.net","xp":0,"level":1},{"id":"62895386323875@s.whatsapp.net","xp":0,"level":1},{"id":"6289696001097@s.whatsapp.net","xp":0,"level":1},{"id":"6283869939084@s.whatsapp.net","xp":0,"level":1},{"id":"6283823742094@s.whatsapp.net","xp":0,"level":1},{"id":"6281366539956@s.whatsapp.net","xp":0,"level":1},{"id":"13512093184@s.whatsapp.net","xp":0,"level":1},{"id":"6289654298408@s.whatsapp.net","xp":0,"level":1},{"id":"6289619283647@s.whatsapp.net","xp":0,"level":1},{"id":"6285864348849@s.whatsapp.net","xp":0,"level":1},{"id":"62895336368076@s.whatsapp.net","xp":0,"level":1},{"id":"6289604052405@s.whatsapp.net","xp":0,"level":1},{"id":"62819904984721@s.whatsapp.net","xp":0,"level":1},{"id":"6281317418547@s.whatsapp.net","xp":0,"level":1},{"id":"6281996625505@s.whatsapp.net","xp":0,"level":1},{"id":"6285378443461@s.whatsapp.net","xp":0,"level":1},{"id":"60176343871@s.whatsapp.net","xp":0,"level":1},{"id":"6282177041296@s.whatsapp.net","xp":0,"level":1},{"id":"62856978377956@s.whatsapp.net","xp":0,"level":1},{"id":"6285754682245@s.whatsapp.net","xp":0,"level":1},{"id":"6281804680327@s.whatsapp.net","xp":0,"level":1},{"id":"6287877092576@s.whatsapp.net","xp":0,"level":1},{"id":"6285256155626@s.whatsapp.net","xp":0,"level":1},{"id":"8562078836755@s.whatsapp.net","xp":0,"level":1},{"id":"6287737860787@s.whatsapp.net","xp":0,"level":1},{"id":"6285821259747@s.whatsapp.net","xp":0,"level":1},{"id":"6289505118430@s.whatsapp.net","xp":0,"level":1},{"id":"6288290139830@s.whatsapp.net","xp":0,"level":1},{"id":"6285347765433@s.whatsapp.net","xp":0,"level":1},{"id":"6282257312744@s.whatsapp.net","xp":0,"level":1},{"id":"6282350595061@s.whatsapp.net","xp":0,"level":1},{"id":"6289649902160@s.whatsapp.net","xp":0,"level":1},{"id":"6285820870630@s.whatsapp.net","xp":0,"level":1},{"id":"6282320751183@s.whatsapp.net","xp":0,"level":1},{"id":"6281282735396@s.whatsapp.net","xp":0,"level":1},{"id":"6281244325900@s.whatsapp.net","xp":0,"level":1},{"id":"6282265069310@s.whatsapp.net","xp":0,"level":1},{"id":"6283155720756@s.whatsapp.net","xp":0,"level":1},{"id":"62859121599377@s.whatsapp.net","xp":0,"level":1},{"id":"6281259701826@s.whatsapp.net","xp":0,"level":1},{"id":"6282260451157@s.whatsapp.net","xp":0,"level":1},{"id":"6283119955849@s.whatsapp.net","xp":0,"level":1},{"id":"6282296963448@s.whatsapp.net","xp":0,"level":1},{"id":"6285296995772@s.whatsapp.net","xp":0,"level":1},{"id":"6285282948186@s.whatsapp.net","xp":0,"level":1},{"id":"6285348823164@s.whatsapp.net","xp":0,"level":1},{"id":"6281575667481@s.whatsapp.net","xp":0,"level":1},{"id":"6281238017003@s.whatsapp.net","xp":0,"level":1},{"id":"6288291841647@s.whatsapp.net","xp":0,"level":1},{"id":"6281274662031@s.whatsapp.net","xp":0,"level":1},{"id":"62895322285241@s.whatsapp.net","xp":0,"level":1},{"id":"6283115237548@s.whatsapp.net","xp":0,"level":1},{"id":"6285863731744@s.whatsapp.net","xp":0,"level":1},{"id":"62895638012930@s.whatsapp.net","xp":0,"level":1},{"id":"6285892258158@s.whatsapp.net","xp":0,"level":1},{"id":"6283873519802@s.whatsapp.net","xp":0,"level":1},{"id":"6285730149185@s.whatsapp.net","xp":0,"level":1},{"id":"6285649700098@s.whatsapp.net","xp":0,"level":1},{"id":"6281346252655@s.whatsapp.net","xp":0,"level":1},{"id":"6281247888648@s.whatsapp.net","xp":0,"level":1},{"id":"6285159440473@s.whatsapp.net","xp":0,"level":1},{"id":"6281572516724@s.whatsapp.net","xp":0,"level":1},{"id":"6288226026970@s.whatsapp.net","xp":0,"level":1},{"id":"6283192497138@s.whatsapp.net","xp":0,"level":1},{"id":"6285928344563@s.whatsapp.net","xp":0,"level":1},{"id":"6282142867302@s.whatsapp.net","xp":0,"level":1},{"id":"6281231826507@s.whatsapp.net","xp":0,"level":1},{"id":"447990653714@s.whatsapp.net","xp":0,"level":1},{"id":"62895384714186@s.whatsapp.net","xp":0,"level":1},{"id":"6289502556800@s.whatsapp.net","xp":0,"level":1},{"id":"6285806921925@s.whatsapp.net","xp":0,"level":1},{"id":"628995754774@s.whatsapp.net","xp":0,"level":1},{"id":"6285719314974@s.whatsapp.net","xp":0,"level":1},{"id":"6282362291184@s.whatsapp.net","xp":0,"level":1},{"id":"6285212896013@s.whatsapp.net","xp":0,"level":1},{"id":"62895338651020@s.whatsapp.net","xp":0,"level":1},{"id":"6285728508365@s.whatsapp.net","xp":0,"level":1},{"id":"6283123774486@s.whatsapp.net","xp":0,"level":1},{"id":"6282119783647@s.whatsapp.net","xp":0,"level":1},{"id":"6282135289126@s.whatsapp.net","xp":0,"level":1},{"id":"15857085156@s.whatsapp.net","xp":0,"level":1},{"id":"6282137451873@s.whatsapp.net","xp":0,"level":1},{"id":"6285837848107@s.whatsapp.net","xp":0,"level":1},{"id":"6289630012517@s.whatsapp.net","xp":0,"level":1},{"id":"6281225464189@s.whatsapp.net","xp":0,"level":1},{"id":"6281215060813@s.whatsapp.net","xp":0,"level":1},{"id":"6285866926764@s.whatsapp.net","xp":0,"level":1},{"id":"62895397265853@s.whatsapp.net","xp":0,"level":1},{"id":"6282282866452@s.whatsapp.net","xp":0,"level":1},{"id":"62895376734744@s.whatsapp.net","xp":29,"level":1},{"id":"62895384462267@s.whatsapp.net","xp":98,"level":1},{"id":"5213222324983@s.whatsapp.net","xp":19,"level":1},{"id":"94761830807@s.whatsapp.net","xp":74,"level":1},{"id":"6281288572373@s.whatsapp.net","xp":55,"level":1},{"id":"6289615382470@s.whatsapp.net","xp":29,"level":1},{"id":"6282214158663@s.whatsapp.net","xp":91,"level":1},{"id":"6287883863819@s.whatsapp.net","xp":57,"level":1},{"id":"6288290218100@s.whatsapp.net","xp":49,"level":1},{"id":"6289505868791@s.whatsapp.net","xp":55,"level":1},{"id":"6281392854612@s.whatsapp.net","xp":16,"level":1},{"id":"6282120898085@s.whatsapp.net","xp":13,"level":1},{"id":"6283104291041@s.whatsapp.net","xp":12,"level":1},{"id":"6282252094951@s.whatsapp.net","xp":11,"level":1},{"id":"6285881352959@s.whatsapp.net","xp":0,"level":1},{"id":"919956438906@s.whatsapp.net","xp":56,"level":1},{"id":"6285727501561@s.whatsapp.net","xp":244,"level":3},{"id":"6289699472590@s.whatsapp.net","xp":3910,"level":18},{"id":"6283160192609@s.whatsapp.net","xp":17,"level":1},{"id":"6281289716532@s.whatsapp.net","xp":137,"level":1},{"id":"6285754594429@s.whatsapp.net","xp":0,"level":1},{"id":"6281296220873@s.whatsapp.net","xp":257,"level":3},{"id":"6283896551577@s.whatsapp.net","xp":545,"level":5},{"id":"6285277776047@s.whatsapp.net","xp":28,"level":1},{"id":"6283190081545@s.whatsapp.net","xp":11,"level":1},{"id":"6281990368863@s.whatsapp.net","xp":151,"level":1},{"id":"62895373907838@s.whatsapp.net","xp":12,"level":1},{"id":"6282143065196@s.whatsapp.net","xp":0,"level":1},{"id":"6281312783912@s.whatsapp.net","xp":73,"level":1},{"id":"62895324864270@s.whatsapp.net","xp":401,"level":4},{"id":"6289512971981@s.whatsapp.net","xp":24,"level":1},{"id":"6282116254969@s.whatsapp.net","xp":0,"level":1},{"id":"6283822496407@s.whatsapp.net","xp":52,"level":1},{"id":"6282343668294@s.whatsapp.net","xp":0,"level":1},{"id":"6289623706080@s.whatsapp.net","xp":199,"level":2},{"id":"6281947383151@s.whatsapp.net","xp":51,"level":1},{"id":"6287724008689@s.whatsapp.net","xp":69,"level":1},{"id":"6282333013641@s.whatsapp.net","xp":84,"level":1},{"id":"6285283499087@s.whatsapp.net","xp":15,"level":1},{"id":"62882007316736@s.whatsapp.net","xp":28,"level":1},{"id":"6287712375222@s.whatsapp.net","xp":0,"level":1},{"id":"6285802510486@s.whatsapp.net","xp":0,"level":1},{"id":"6282136357953@s.whatsapp.net","xp":27,"level":1},{"id":"6285279065021@s.whatsapp.net","xp":12,"level":1},{"id":"6289516529879@s.whatsapp.net","xp":1049,"level":8},{"id":"6283870137709@s.whatsapp.net","xp":23,"level":1},{"id":"6281246724148@s.whatsapp.net","xp":36,"level":1},{"id":"6285386266973@s.whatsapp.net","xp":80,"level":1},{"id":"6282346221593@s.whatsapp.net","xp":143,"level":1},{"id":"6281326455017@s.whatsapp.net","xp":1528,"level":10},{"id":"6285717125791@s.whatsapp.net","xp":48,"level":1},{"id":"6285726213115@s.whatsapp.net","xp":0,"level":1},{"id":"6287777785798@s.whatsapp.net","xp":19,"level":1},{"id":"628886446177@s.whatsapp.net","xp":252,"level":3},{"id":"6285735176445@s.whatsapp.net","xp":134,"level":1},{"id":"6285875482423@s.whatsapp.net","xp":0,"level":1},{"id":"62895367019220@s.whatsapp.net","xp":97,"level":1},{"id":"6285815174363@s.whatsapp.net","xp":92,"level":1},{"id":"6283818385222@s.whatsapp.net","xp":17,"level":1},{"id":"6285607555971@s.whatsapp.net","xp":11,"level":1},{"id":"6283168624855@s.whatsapp.net","xp":0,"level":1},{"id":"6283826010139@s.whatsapp.net","xp":0,"level":1},{"id":"6281232046104@s.whatsapp.net","xp":19,"level":1},{"id":"6283137972620@s.whatsapp.net","xp":0,"level":1},{"id":"6281285521330@s.whatsapp.net","xp":0,"level":1},{"id":"6283804143417@s.whatsapp.net","xp":14,"level":1},{"id":"6285879282618@s.whatsapp.net","xp":0,"level":1},{"id":"6283856994587@s.whatsapp.net","xp":16,"level":1},{"id":"6281931041367@s.whatsapp.net","xp":0,"level":1},{"id":"6281775283727@s.whatsapp.net","xp":75,"level":1},{"id":"6281391481259@s.whatsapp.net","xp":11,"level":1},{"id":"6281260428857@s.whatsapp.net","xp":50,"level":1},{"id":"6282169972823@s.whatsapp.net","xp":39,"level":1},{"id":"62895354455655@s.whatsapp.net","xp":12,"level":1},{"id":"6285246689791@s.whatsapp.net","xp":0,"level":1},{"id":"6285772608375@s.whatsapp.net","xp":0,"level":1},{"id":"6285712331609@s.whatsapp.net","xp":0,"level":1},{"id":"628993689156@s.whatsapp.net","xp":44,"level":1},{"id":"6282269978278@s.whatsapp.net","xp":0,"level":1},{"id":"6285204926800@s.whatsapp.net","xp":34,"level":1},{"id":"6283187341431@s.whatsapp.net","xp":0,"level":1},{"id":"6285805973932@s.whatsapp.net","xp":13,"level":1},{"id":"6281380574202@s.whatsapp.net","xp":15,"level":1},{"id":"6282338691895@s.whatsapp.net","xp":0,"level":1},{"id":"6283805939584@s.whatsapp.net","xp":0,"level":1},{"id":"6285357538890@s.whatsapp.net","xp":0,"level":1},{"id":"6283853906338@s.whatsapp.net","xp":0,"level":1},{"id":"6289697781453@s.whatsapp.net","xp":0,"level":1},{"id":"6281282221781@s.whatsapp.net","xp":0,"level":1},{"id":"6282155437473@s.whatsapp.net","xp":0,"level":1},{"id":"6283194283759@s.whatsapp.net","xp":0,"level":1},{"id":"62882005424846@s.whatsapp.net","xp":0,"level":1},{"id":"6285256854702@s.whatsapp.net","xp":0,"level":1},{"id":"6281918036379@s.whatsapp.net","xp":0,"level":1},{"id":"6281231138025@s.whatsapp.net","xp":0,"level":1},{"id":"994407171175@s.whatsapp.net","xp":0,"level":1},{"id":"6288229978114@s.whatsapp.net","xp":0,"level":1},{"id":"6285859502227@s.whatsapp.net","xp":16,"level":1},{"id":"6283842704711@s.whatsapp.net","xp":947,"level":8},{"id":"6283136504951@s.whatsapp.net","xp":0,"level":1},{"id":"6282114355125@s.whatsapp.net","xp":0,"level":1},{"id":"6281236108265@s.whatsapp.net","xp":0,"level":1},{"id":"6283892144134@s.whatsapp.net","xp":0,"level":1},{"id":"6282346183473@s.whatsapp.net","xp":0,"level":1},{"id":"6282268533134@s.whatsapp.net","xp":0,"level":1},{"id":"6285920727695@s.whatsapp.net","xp":114,"level":1},{"id":"6288234254601@s.whatsapp.net","xp":0,"level":1},{"id":"62895326186502@s.whatsapp.net","xp":0,"level":1},{"id":"6281210122371@s.whatsapp.net","xp":0,"level":1},{"id":"6285723214057@s.whatsapp.net","xp":0,"level":1},{"id":"6285225602918@s.whatsapp.net","xp":0,"level":1},{"id":"6281383041845@s.whatsapp.net","xp":0,"level":1},{"id":"6285212438257@s.whatsapp.net","xp":14,"level":1},{"id":"6285881628816@s.whatsapp.net","xp":0,"level":1},{"id":"62895638102488@s.whatsapp.net","xp":798,"level":7},{"id":"6287865977402@s.whatsapp.net","xp":34,"level":1},{"id":"6283141903002@s.whatsapp.net","xp":0,"level":1},{"id":"6283879484014@s.whatsapp.net","xp":0,"level":1},{"id":"62882016483240@s.whatsapp.net","xp":0,"level":1},{"id":"6285798879878@s.whatsapp.net","xp":0,"level":1},{"id":"6287718843477@s.whatsapp.net","xp":0,"level":1},{"id":"6287794217617@s.whatsapp.net","xp":582,"level":5},{"id":"6282260339808@s.whatsapp.net","xp":16,"level":1},{"id":"6287893528961@s.whatsapp.net","xp":0,"level":1},{"id":"6283160658391@s.whatsapp.net","xp":15,"level":1},{"id":"6285783288673@s.whatsapp.net","xp":0,"level":1},{"id":"6285850251708@s.whatsapp.net","xp":0,"level":1},{"id":"6285664343387@s.whatsapp.net","xp":0,"level":1},{"id":"6285691199032@s.whatsapp.net","xp":0,"level":1},{"id":"6285806431543@s.whatsapp.net","xp":0,"level":1},{"id":"6285793412561@s.whatsapp.net","xp":0,"level":1},{"id":"6283803325721@s.whatsapp.net","xp":0,"level":1},{"id":"6281514488108@s.whatsapp.net","xp":0,"level":1},{"id":"6285779724728@s.whatsapp.net","xp":0,"level":1},{"id":"6285820114672@s.whatsapp.net","xp":0,"level":1},{"id":"6285781704946@s.whatsapp.net","xp":0,"level":1},{"id":"6285769783708@s.whatsapp.net","xp":0,"level":1},{"id":"6285716443892@s.whatsapp.net","xp":0,"level":1},{"id":"6285783116511@s.whatsapp.net","xp":0,"level":1},{"id":"6285695380157@s.whatsapp.net","xp":0,"level":1},{"id":"628972820903@s.whatsapp.net","xp":0,"level":1},{"id":"6285375550166@s.whatsapp.net","xp":0,"level":1},{"id":"6287899245138@s.whatsapp.net","xp":0,"level":1},{"id":"6285258889578@s.whatsapp.net","xp":0,"level":1},{"id":"14505005055@s.whatsapp.net","xp":0,"level":1},{"id":"6283814160711@s.whatsapp.net","xp":0,"level":1},{"id":"6285882067904@s.whatsapp.net","xp":0,"level":1},{"id":"6285732085830@s.whatsapp.net","xp":0,"level":1},{"id":"6283112170548@s.whatsapp.net","xp":0,"level":1},{"id":"6282192767592@s.whatsapp.net","xp":0,"level":1},{"id":"18782170845@s.whatsapp.net","xp":0,"level":1},{"id":"6281398860278@s.whatsapp.net","xp":0,"level":1}]