[{"id":"6285161987474@s.whatsapp.net","uang":22921},{"id":"6288971729157@s.whatsapp.net","uang":6126},{"id":"6281327441039@s.whatsapp.net","uang":2275},{"id":"6285904474769@s.whatsapp.net","uang":87},{"id":"6282123261489@s.whatsapp.net","uang":201},{"id":"6283834396214@s.whatsapp.net","uang":1853},{"id":"6281232646925@s.whatsapp.net","uang":2158},{"id":"6283825582819@s.whatsapp.net","uang":468},{"id":"62882127123610@s.whatsapp.net","uang":356},{"id":"6283878837772@s.whatsapp.net","uang":5618},{"id":"6285157978866@s.whatsapp.net","uang":6361},{"id":"6283137744849@s.whatsapp.net","uang":773},{"id":"6281235526672@s.whatsapp.net","uang":182},{"id":"6289612115639@s.whatsapp.net","uang":1465},{"id":"6289507607626@s.whatsapp.net","uang":7068},{"id":"6285693492107@s.whatsapp.net","uang":1627},{"id":"6283149339472@s.whatsapp.net","uang":774},{"id":"6283125034688@s.whatsapp.net","uang":2202},{"id":"62831769631850@s.whatsapp.net","uang":395},{"id":"6289660042502@s.whatsapp.net","uang":2858},{"id":"6285785545891@s.whatsapp.net","uang":2257},{"id":"6282198645271@s.whatsapp.net","uang":222},{"id":"62858563822454@s.whatsapp.net","uang":12},{"id":"6283894630171@s.whatsapp.net","uang":25},{"id":"6283116500296@s.whatsapp.net","uang":12},{"id":"6287811864193@s.whatsapp.net","uang":33},{"id":"6281511048461@s.whatsapp.net","uang":19},{"id":"6285885240614@s.whatsapp.net","uang":11},{"id":"6285719898124@s.whatsapp.net","uang":411},{"id":"6282236656311@s.whatsapp.net","uang":30},{"id":"6282316761330@s.whatsapp.net","uang":30},{"id":"6285725397493@s.whatsapp.net","uang":472},{"id":"6281910195294@s.whatsapp.net","uang":113},{"id":"6282237788235@s.whatsapp.net","uang":1120},{"id":"6285717398416@s.whatsapp.net","uang":159},{"id":"6285704258644@s.whatsapp.net","uang":42},{"id":"6285723403562@s.whatsapp.net","uang":1199},{"id":"6289502464494@s.whatsapp.net","uang":891},{"id":"62895331283073@s.whatsapp.net","uang":83},{"id":"6282140859324@s.whatsapp.net","uang":488},{"id":"6282230819722@s.whatsapp.net","uang":28},{"id":"6285889665421@s.whatsapp.net","uang":67},{"id":"6285158572668@s.whatsapp.net","uang":423},{"id":"6285892470968@s.whatsapp.net","uang":92},{"id":"6281274641544@s.whatsapp.net","uang":39},{"id":"6285649350748@s.whatsapp.net","uang":3913},{"id":"6287759837873@s.whatsapp.net","uang":65},{"id":"62895338820193@s.whatsapp.net","uang":16},{"id":"6285781663341@s.whatsapp.net","uang":118},{"id":"6281253665165@s.whatsapp.net","uang":605},{"id":"6288211610021@s.whatsapp.net","uang":2183},{"id":"6285859823458@s.whatsapp.net","uang":336},{"id":"6285602437506@s.whatsapp.net","uang":173},{"id":"6285362888790@s.whatsapp.net","uang":12},{"id":"6287723714088@s.whatsapp.net","uang":17},{"id":"6282135465225@s.whatsapp.net","uang":405},{"id":"94750188619@s.whatsapp.net","uang":27},{"id":"6287725002274@s.whatsapp.net","uang":479},{"id":"62896992071100@s.whatsapp.net","uang":9294},{"id":"6285384866151@s.whatsapp.net","uang":17},{"id":"6281230995521@s.whatsapp.net","uang":147},{"id":"6283832650680@s.whatsapp.net","uang":463},{"id":"6285850848264@s.whatsapp.net","uang":1508},{"id":"6287896681251@s.whatsapp.net","uang":73},{"id":"6285757205194@s.whatsapp.net","uang":293},{"id":"6283805407113@s.whatsapp.net","uang":445},{"id":"6281215601137@s.whatsapp.net","uang":69},{"id":"593982812661@s.whatsapp.net","uang":51},{"id":"6282271278718@s.whatsapp.net","uang":130},{"id":"628980330708@s.whatsapp.net","uang":29},{"id":"21628806210@s.whatsapp.net","uang":13},{"id":"6283191364966@s.whatsapp.net","uang":26},{"id":"6285727384133@s.whatsapp.net","uang":83},{"id":"6281377636317@s.whatsapp.net","uang":184},{"id":"6285760158914@s.whatsapp.net","uang":153},{"id":"62882009432914@s.whatsapp.net","uang":227},{"id":"6283111604632@s.whatsapp.net","uang":100},{"id":"6285718205563@s.whatsapp.net","uang":237},{"id":"6282278252544@s.whatsapp.net","uang":157},{"id":"6285242534516@s.whatsapp.net","uang":2970},{"id":"6282128158900@s.whatsapp.net","uang":25},{"id":"6287808180613@s.whatsapp.net","uang":69},{"id":"6281310157380@s.whatsapp.net","uang":82},{"id":"6285668071352@s.whatsapp.net","uang":11},{"id":"6285931996908@s.whatsapp.net","uang":265},{"id":"62895416187586@s.whatsapp.net","uang":16},{"id":"6285714173008@s.whatsapp.net","uang":548},{"id":"6285724457922@s.whatsapp.net","uang":96},{"id":"6285962882744@s.whatsapp.net","uang":28},{"id":"6281214151541@s.whatsapp.net","uang":82},{"id":"994406196427@s.whatsapp.net","uang":11},{"id":"6289681233811@s.whatsapp.net","uang":28},{"id":"6285776126736@s.whatsapp.net","uang":3608},{"id":"6281224602468@s.whatsapp.net","uang":36},{"id":"6283114140471@s.whatsapp.net","uang":56},{"id":"6283870479942@s.whatsapp.net","uang":125},{"id":"6281295395481@s.whatsapp.net","uang":125},{"id":"6282118127044@s.whatsapp.net","uang":36},{"id":"62882007161586@s.whatsapp.net","uang":26},{"id":"6288975430913@s.whatsapp.net","uang":758},{"id":"6287833395054@s.whatsapp.net","uang":169},{"id":"6282123415628@s.whatsapp.net","uang":74},{"id":"6285710294830@s.whatsapp.net","uang":884},{"id":"6281617762947@s.whatsapp.net","uang":25},{"id":"6285693603905@s.whatsapp.net","uang":125},{"id":"62895384221227@s.whatsapp.net","uang":46},{"id":"6283141525783@s.whatsapp.net","uang":404},{"id":"6287857613839@s.whatsapp.net","uang":30},{"id":"6285776038219@s.whatsapp.net","uang":67},{"id":"6281330694200@s.whatsapp.net","uang":60},{"id":"6289505738874@s.whatsapp.net","uang":35},{"id":"6285161313235@s.whatsapp.net","uang":37},{"id":"5214492534651@s.whatsapp.net","uang":70},{"id":"6285735153103@s.whatsapp.net","uang":180},{"id":"6285648589134@s.whatsapp.net","uang":17},{"id":"6283173265916@s.whatsapp.net","uang":47},{"id":"6285607787830@s.whatsapp.net","uang":39},{"id":"628883136399@s.whatsapp.net","uang":404},{"id":"6283842738643@s.whatsapp.net","uang":84},{"id":"6281258996759@s.whatsapp.net","uang":76},{"id":"6282114466868@s.whatsapp.net","uang":13},{"id":"916376710295@s.whatsapp.net","uang":63},{"id":"6282393038261@s.whatsapp.net","uang":102},{"id":"6283176963185@s.whatsapp.net","uang":169},{"id":"6285156160353@s.whatsapp.net","uang":15},{"id":"18063708540@s.whatsapp.net","uang":67},{"id":"6285163502291@s.whatsapp.net","uang":1230},{"id":"6288210782292@s.whatsapp.net","uang":16},{"id":"6281909484103@s.whatsapp.net","uang":51},{"id":"6281328732146@s.whatsapp.net","uang":32},{"id":"6285722572536@s.whatsapp.net","uang":12},{"id":"6281310745421@s.whatsapp.net","uang":51},{"id":"6281288288865@s.whatsapp.net","uang":75},{"id":"6289684021038@s.whatsapp.net","uang":576},{"id":"6281241141690@s.whatsapp.net","uang":98},{"id":"6283872681618@s.whatsapp.net","uang":18},{"id":"6285784834495@s.whatsapp.net","uang":51},{"id":"6281313850195@s.whatsapp.net","uang":15},{"id":"6281368296255@s.whatsapp.net","uang":48},{"id":"6285693840226@s.whatsapp.net","uang":83},{"id":"6283179907796@s.whatsapp.net","uang":1260},{"id":"6285772160886@s.whatsapp.net","uang":2813},{"id":"6287885119615@s.whatsapp.net","uang":2650},{"id":"6289525852160@s.whatsapp.net","uang":20},{"id":"6289681478090@s.whatsapp.net","uang":991},{"id":"6289514571740@s.whatsapp.net","uang":21},{"id":"6285723758142@s.whatsapp.net","uang":16},{"id":"6285264399420@s.whatsapp.net","uang":31},{"id":"6285213857349@s.whatsapp.net","uang":318},{"id":"6285238503665@s.whatsapp.net","uang":132},{"id":"6281220776447@s.whatsapp.net","uang":58},{"id":"6288213923736@s.whatsapp.net","uang":114},{"id":"6283822358882@s.whatsapp.net","uang":11},{"id":"6283824846310@s.whatsapp.net","uang":2823},{"id":"6289530694622@s.whatsapp.net","uang":15},{"id":"6285700123669@s.whatsapp.net","uang":14},{"id":"6285724051254@s.whatsapp.net","uang":60},{"id":"6282334342679@s.whatsapp.net","uang":49},{"id":"6283843471018@s.whatsapp.net","uang":108},{"id":"6289530150025@s.whatsapp.net","uang":416},{"id":"6285242792731@s.whatsapp.net","uang":991},{"id":"6283842709322@s.whatsapp.net","uang":200},{"id":"6285657338788@s.whatsapp.net","uang":181},{"id":"6283123727298@s.whatsapp.net","uang":273},{"id":"6289616321789@s.whatsapp.net","uang":36},{"id":"6281223053964@s.whatsapp.net","uang":57},{"id":"967774999843@s.whatsapp.net","uang":124},{"id":"6281330564209@s.whatsapp.net","uang":58},{"id":"6282235560091@s.whatsapp.net","uang":18},{"id":"6285878632196@s.whatsapp.net","uang":45},{"id":"6287744196906@s.whatsapp.net","uang":19},{"id":"6289661205397@s.whatsapp.net","uang":40},{"id":"62857480375931@s.whatsapp.net","uang":73},{"id":"6287843245395@s.whatsapp.net","uang":187},{"id":"6283192607181@s.whatsapp.net","uang":200},{"id":"6281273621465@s.whatsapp.net","uang":14},{"id":"6281218442311@s.whatsapp.net","uang":1867},{"id":"6285713485836@s.whatsapp.net","uang":26},{"id":"6282147832243@s.whatsapp.net","uang":10872},{"id":"6283106945790@s.whatsapp.net","uang":568},{"id":"6287823667086@s.whatsapp.net","uang":2856},{"id":"6283162425836@s.whatsapp.net","uang":13},{"id":"6281294888918@s.whatsapp.net","uang":675},{"id":"6288233133245@s.whatsapp.net","uang":324},{"id":"6281282664033@s.whatsapp.net","uang":20},{"id":"6285693058265@s.whatsapp.net","uang":15},{"id":"17166696342@s.whatsapp.net","uang":16},{"id":"6281807906328@s.whatsapp.net","uang":17},{"id":"6283819654409@s.whatsapp.net","uang":13861},{"id":"628988531305@s.whatsapp.net","uang":18},{"id":"6283892987558@s.whatsapp.net","uang":109},{"id":"6281215663356@s.whatsapp.net","uang":120},{"id":"6281911890114@s.whatsapp.net","uang":8947},{"id":"6283125187277@s.whatsapp.net","uang":3797},{"id":"6283823288708@s.whatsapp.net","uang":192},{"id":"6287708773367@s.whatsapp.net","uang":320},{"id":"6285315744795@s.whatsapp.net","uang":32},{"id":"6283806176442@s.whatsapp.net","uang":199},{"id":"6285748059235@s.whatsapp.net","uang":624},{"id":"923473717519@s.whatsapp.net","uang":145},{"id":"6281246840721@s.whatsapp.net","uang":197},{"id":"6285769302532@s.whatsapp.net","uang":206},{"id":"6289513948837@s.whatsapp.net","uang":88},{"id":"6282216376626@s.whatsapp.net","uang":1511},{"id":"6281261497278@s.whatsapp.net","uang":14},{"id":"6285738541647@s.whatsapp.net","uang":11},{"id":"6288744324281@s.whatsapp.net","uang":165},{"id":"62857916772041@s.whatsapp.net","uang":82},{"id":"6289690260348@s.whatsapp.net","uang":174},{"id":"6281390307352@s.whatsapp.net","uang":82},{"id":"6281230460281@s.whatsapp.net","uang":16},{"id":"6289605500633@s.whatsapp.net","uang":31},{"id":"6285849978753@s.whatsapp.net","uang":3405},{"id":"6283160878666@s.whatsapp.net","uang":590},{"id":"6281225298312@s.whatsapp.net","uang":187},{"id":"6281241163688@s.whatsapp.net","uang":318},{"id":"62895704325030@s.whatsapp.net","uang":18},{"id":"6282285077382@s.whatsapp.net","uang":14},{"id":"6285716558396@s.whatsapp.net","uang":69},{"id":"6285758552592@s.whatsapp.net","uang":100},{"id":"601172983027@s.whatsapp.net","uang":15},{"id":"6282192656453@s.whatsapp.net","uang":41},{"id":"6281223824338@s.whatsapp.net","uang":243},{"id":"6282334985048@s.whatsapp.net","uang":53},{"id":"628979274997@s.whatsapp.net","uang":140},{"id":"6283167679083@s.whatsapp.net","uang":32},{"id":"6285659609228@s.whatsapp.net","uang":14},{"id":"6285876707093@s.whatsapp.net","uang":26},{"id":"6288276496797@s.whatsapp.net","uang":164},{"id":"628112798755@s.whatsapp.net","uang":57},{"id":"6283147409387@s.whatsapp.net","uang":332},{"id":"628117291819@s.whatsapp.net","uang":69},{"id":"6289515174848@s.whatsapp.net","uang":33},{"id":"6282136607140@s.whatsapp.net","uang":44},{"id":"6281554752875@s.whatsapp.net","uang":11},{"id":"6281321190580@s.whatsapp.net","uang":30},{"id":"6282322638602@s.whatsapp.net","uang":36},{"id":"62895394597766@s.whatsapp.net","uang":1914},{"id":"6283891602134@s.whatsapp.net","uang":18},{"id":"62895616009891@s.whatsapp.net","uang":29},{"id":"6282217244547@s.whatsapp.net","uang":298},{"id":"6283192447160@s.whatsapp.net","uang":17},{"id":"6289608448767@s.whatsapp.net","uang":163},{"id":"6285337578736@s.whatsapp.net","uang":1074},{"id":"17123404560@s.whatsapp.net","uang":16},{"id":"6281573896799@s.whatsapp.net","uang":63},{"id":"62882001135957@s.whatsapp.net","uang":641},{"id":"6281703761622@s.whatsapp.net","uang":54},{"id":"6287824247623@s.whatsapp.net","uang":12},{"id":"628979340727@s.whatsapp.net","uang":19},{"id":"6282159293312@s.whatsapp.net","uang":34},{"id":"62895618109191@s.whatsapp.net","uang":30},{"id":"6282134374562@s.whatsapp.net","uang":15},{"id":"628971580351@s.whatsapp.net","uang":2250},{"id":"6282128863722@s.whatsapp.net","uang":237},{"id":"6281233325603@s.whatsapp.net","uang":33},{"id":"6285775699565@s.whatsapp.net","uang":124},{"id":"6281212019527@s.whatsapp.net","uang":9849},{"id":"6285709419358@s.whatsapp.net","uang":95},{"id":"6285943424373@s.whatsapp.net","uang":14},{"id":"6285796948370@s.whatsapp.net","uang":155},{"id":"62881025829102@s.whatsapp.net","uang":1444},{"id":"6285788876164@s.whatsapp.net","uang":42},{"id":"6285921489812@s.whatsapp.net","uang":4473},{"id":"6283105070294@s.whatsapp.net","uang":542},{"id":"6285892137617@s.whatsapp.net","uang":108},{"id":"6283136668629@s.whatsapp.net","uang":98},{"id":"6281216511686@s.whatsapp.net","uang":13},{"id":"6285767205869@s.whatsapp.net","uang":522},{"id":"6289520028973@s.whatsapp.net","uang":119},{"id":"62895340965796@s.whatsapp.net","uang":1899},{"id":"6283871714377@s.whatsapp.net","uang":71},{"id":"6287861741244@s.whatsapp.net","uang":17},{"id":"6285695395659@s.whatsapp.net","uang":116},{"id":"6281251287813@s.whatsapp.net","uang":33},{"id":"6281252789303@s.whatsapp.net","uang":15},{"id":"6287849822323@s.whatsapp.net","uang":111},{"id":"6288217113762@s.whatsapp.net","uang":31},{"id":"6283802806485@s.whatsapp.net","uang":19},{"id":"6288293115673@s.whatsapp.net","uang":713},{"id":"6285696125973@s.whatsapp.net","uang":16},{"id":"6282218242702@s.whatsapp.net","uang":24},{"id":"6285707692311@s.whatsapp.net","uang":603},{"id":"6281226458835@s.whatsapp.net","uang":75},{"id":"6282112680122@s.whatsapp.net","uang":855},{"id":"6288223748677@s.whatsapp.net","uang":1365},{"id":"6289521008946@s.whatsapp.net","uang":414},{"id":"6289657763209@s.whatsapp.net","uang":53},{"id":"6282398430458@s.whatsapp.net","uang":2678},{"id":"6281334968556@s.whatsapp.net","uang":109},{"id":"62895385875367@s.whatsapp.net","uang":2036},{"id":"6283814550338@s.whatsapp.net","uang":2863},{"id":"201125878665@s.whatsapp.net","uang":95},{"id":"6281325855144@s.whatsapp.net","uang":70},{"id":"6285161452304@s.whatsapp.net","uang":720},{"id":"6281390289707@s.whatsapp.net","uang":27},{"id":"6288289770622@s.whatsapp.net","uang":90},{"id":"62895330146362@s.whatsapp.net","uang":100},{"id":"6287791036028@s.whatsapp.net","uang":85},{"id":"12563049232@s.whatsapp.net","uang":186},{"id":"6283815624261@s.whatsapp.net","uang":17},{"id":"6288221437615@s.whatsapp.net","uang":766},{"id":"6289637999372@s.whatsapp.net","uang":35},{"id":"6281312244272@s.whatsapp.net","uang":75},{"id":"6285788886850@s.whatsapp.net","uang":256},{"id":"6282140960425@s.whatsapp.net","uang":12},{"id":"6282337097847@s.whatsapp.net","uang":81},{"id":"6283136700910@s.whatsapp.net","uang":1213},{"id":"6287780337203@s.whatsapp.net","uang":67},{"id":"6285641063079@s.whatsapp.net","uang":1459},{"id":"6285929010411@s.whatsapp.net","uang":34},{"id":"6285272287751@s.whatsapp.net","uang":31},{"id":"6281545595836@s.whatsapp.net","uang":291},{"id":"6288232356839@s.whatsapp.net","uang":59},{"id":"62858708834389@s.whatsapp.net","uang":184},{"id":"6282328588035@s.whatsapp.net","uang":11},{"id":"6289630093616@s.whatsapp.net","uang":77},{"id":"6282118942848@s.whatsapp.net","uang":13},{"id":"6289502564175@s.whatsapp.net","uang":309},{"id":"6289518550687@s.whatsapp.net","uang":19},{"id":"6283115860308@s.whatsapp.net","uang":31},{"id":"6283109224665@s.whatsapp.net","uang":435},{"id":"6283119436816@s.whatsapp.net","uang":24},{"id":"6283153600281@s.whatsapp.net","uang":18},{"id":"6285234051260@s.whatsapp.net","uang":25},{"id":"6287700097388@s.whatsapp.net","uang":535},{"id":"6282135007511@s.whatsapp.net","uang":157},{"id":"6282272013955@s.whatsapp.net","uang":53},{"id":"6288801950447@s.whatsapp.net","uang":603},{"id":"6288225172686@s.whatsapp.net","uang":767},{"id":"6288298536968@s.whatsapp.net","uang":114},{"id":"62895385876968@s.whatsapp.net","uang":17},{"id":"6285710232394@s.whatsapp.net","uang":82},{"id":"60167254213@s.whatsapp.net","uang":13},{"id":"6283847871545@s.whatsapp.net","uang":18},{"id":"6285893093052@s.whatsapp.net","uang":353},{"id":"56948864842@s.whatsapp.net","uang":17},{"id":"6289646363075@s.whatsapp.net","uang":102},{"id":"6283896493239@s.whatsapp.net","uang":30},{"id":"6289699545488@s.whatsapp.net","uang":12},{"id":"6281548168923@s.whatsapp.net","uang":454},{"id":"6283109484720@s.whatsapp.net","uang":31},{"id":"62895376734744@s.whatsapp.net","uang":29},{"id":"62895384462267@s.whatsapp.net","uang":77},{"id":"5213222324983@s.whatsapp.net","uang":16},{"id":"94761830807@s.whatsapp.net","uang":116},{"id":"6281288572373@s.whatsapp.net","uang":53},{"id":"6289615382470@s.whatsapp.net","uang":30},{"id":"6282214158663@s.whatsapp.net","uang":87},{"id":"6287883863819@s.whatsapp.net","uang":74},{"id":"6288290218100@s.whatsapp.net","uang":44},{"id":"6289505868791@s.whatsapp.net","uang":96},{"id":"6281392854612@s.whatsapp.net","uang":13},{"id":"6282120898085@s.whatsapp.net","uang":11},{"id":"6283104291041@s.whatsapp.net","uang":14},{"id":"6282252094951@s.whatsapp.net","uang":13},{"id":"919956438906@s.whatsapp.net","uang":59},{"id":"6285727501561@s.whatsapp.net","uang":232},{"id":"6281990368863@s.whatsapp.net","uang":341},{"id":"6282333013641@s.whatsapp.net","uang":158},{"id":"6285283499087@s.whatsapp.net","uang":11},{"id":"62882007316736@s.whatsapp.net","uang":28},{"id":"6285279065021@s.whatsapp.net","uang":18},{"id":"6282136357953@s.whatsapp.net","uang":124},{"id":"6289516529879@s.whatsapp.net","uang":1775},{"id":"6283896551577@s.whatsapp.net","uang":1116},{"id":"6281947383151@s.whatsapp.net","uang":112},{"id":"6289699472590@s.whatsapp.net","uang":6088},{"id":"6283160192609@s.whatsapp.net","uang":21},{"id":"6283870137709@s.whatsapp.net","uang":30},{"id":"6281289716532@s.whatsapp.net","uang":168},{"id":"6281246724148@s.whatsapp.net","uang":34},{"id":"6281312783912@s.whatsapp.net","uang":78},{"id":"6285386266973@s.whatsapp.net","uang":99},{"id":"6282346221593@s.whatsapp.net","uang":204},{"id":"6283190081545@s.whatsapp.net","uang":17},{"id":"6281326455017@s.whatsapp.net","uang":2519},{"id":"6285717125791@s.whatsapp.net","uang":57},{"id":"6287777785798@s.whatsapp.net","uang":14},{"id":"628886446177@s.whatsapp.net","uang":560},{"id":"6285735176445@s.whatsapp.net","uang":177},{"id":"6285277776047@s.whatsapp.net","uang":31},{"id":"6281296220873@s.whatsapp.net","uang":256},{"id":"62895367019220@s.whatsapp.net","uang":128},{"id":"6283822496407@s.whatsapp.net","uang":77},{"id":"6285815174363@s.whatsapp.net","uang":151},{"id":"6283818385222@s.whatsapp.net","uang":45},{"id":"62895324864270@s.whatsapp.net","uang":603},{"id":"6285607555971@s.whatsapp.net","uang":16},{"id":"6287724008689@s.whatsapp.net","uang":156},{"id":"6281232046104@s.whatsapp.net","uang":19},{"id":"6283804143417@s.whatsapp.net","uang":100},{"id":"6283856994587@s.whatsapp.net","uang":18},{"id":"6281775283727@s.whatsapp.net","uang":142},{"id":"6281391481259@s.whatsapp.net","uang":17},{"id":"6281260428857@s.whatsapp.net","uang":45},{"id":"6282169972823@s.whatsapp.net","uang":52},{"id":"62895354455655@s.whatsapp.net","uang":26},{"id":"628993689156@s.whatsapp.net","uang":51},{"id":"6285204926800@s.whatsapp.net","uang":64},{"id":"6285805973932@s.whatsapp.net","uang":24},{"id":"6281380574202@s.whatsapp.net","uang":19},{"id":"6289512971981@s.whatsapp.net","uang":272},{"id":"6285859502227@s.whatsapp.net","uang":14},{"id":"6283842704711@s.whatsapp.net","uang":1470},{"id":"6285920727695@s.whatsapp.net","uang":158},{"id":"6285212438257@s.whatsapp.net","uang":14},{"id":"62895638102488@s.whatsapp.net","uang":826},{"id":"6287865977402@s.whatsapp.net","uang":57},{"id":"6289623706080@s.whatsapp.net","uang":251},{"id":"6287794217617@s.whatsapp.net","uang":618},{"id":"6282260339808@s.whatsapp.net","uang":14},{"id":"62895373907838@s.whatsapp.net","uang":21},{"id":"6283160658391@s.whatsapp.net","uang":35}]